City_ID,City,Country,Date,Lat,Lng,Max Temp,Humidity,Cloudiness,Wind Speed
0,Ushuaia,AR,2022-12-20 19:27:24,-54.8,-68.3,56.86,54,40,4.61
1,Chandbali,IN,2022-12-20 19:27:24,20.7833,86.7667,62.47,60,9,3.56
2,Dikson,RU,2022-12-20 19:27:25,73.5069,80.5464,-3.32,94,100,8.7
3,Flin Flon,CA,2022-12-20 19:27:25,54.7682,-101.865,-13.16,64,20,6.91
4,Mataura,NZ,2022-12-20 19:27:26,-46.1927,168.8643,50.34,77,100,4.03
5,Nioro,GM,2022-12-20 19:27:27,13.35,-15.75,83.93,13,0,8.08
6,Bethel,US,2022-12-20 19:27:27,41.3712,-73.414,39.63,57,0,13.8
7,Rikitea,PF,2022-12-20 19:23:11,-23.1203,-134.9692,76.44,87,100,18.97
8,Chuy,UY,2022-12-20 19:22:53,-33.6971,-53.4616,74.86,54,0,14.56
9,Busselton,AU,2022-12-20 19:27:29,-33.65,115.3333,59.4,79,14,10.67
10,Kapaa,US,2022-12-20 19:27:29,22.0752,-159.319,75.52,71,0,8.05
11,Esperance,AU,2022-12-20 19:27:30,-33.8667,121.9,59.81,90,12,7.52
12,Pangody,RU,2022-12-20 19:27:30,65.85,74.4859,-16.89,95,100,14.2
13,Albany,US,2022-12-20 19:23:45,42.6001,-73.9662,32.23,69,47,3.0
14,Fairbanks,US,2022-12-20 19:25:52,64.8378,-147.7164,-36.44,69,20,0.0
15,Korsor,DK,2022-12-20 19:27:31,55.3299,11.1386,41.99,100,100,15.9
16,Saskylakh,RU,2022-12-20 19:27:32,71.9167,114.0833,-37.64,94,7,7.05
17,Kenai,US,2022-12-20 19:25:43,60.5544,-151.2583,-2.85,76,0,4.61
18,Puerto Ayora,EC,2022-12-20 19:27:32,-0.7393,-90.3518,82.36,87,77,8.01
19,East London,ZA,2022-12-20 19:27:33,-33.0153,27.9116,66.81,68,98,14.14
20,Vestmannaeyjar,IS,2022-12-20 19:27:33,63.4427,-20.2734,35.56,53,100,25.08
21,Mehamn,NO,2022-12-20 19:27:34,71.0357,27.8492,22.95,63,0,6.91
22,Haines Junction,CA,2022-12-20 19:27:34,60.7522,-137.5108,-41.85,66,100,1.14
23,Hilo,US,2022-12-20 19:24:46,19.7297,-155.09,79.25,77,40,3.44
24,Mahebourg,MU,2022-12-20 19:27:35,-20.4081,57.7,76.24,73,40,6.91
25,Mahasamund,IN,2022-12-20 19:27:36,21.1,82.1,61.77,38,30,2.21
26,Ponta Do Sol,PT,2022-12-20 19:27:36,32.6667,-17.1,70.0,88,20,3.38
27,Marystown,CA,2022-12-20 19:27:36,47.1666,-55.1483,36.25,76,100,22.64
28,Lebu,CL,2022-12-20 19:27:37,-37.6167,-73.65,65.26,73,73,14.94
29,Cockburn Town,TC,2022-12-20 19:27:37,21.4612,-71.1419,82.36,61,40,11.5
30,Inirida,CO,2022-12-20 19:27:38,3.8653,-67.9239,89.26,48,99,3.22
31,Charleston,US,2022-12-20 19:23:43,32.7766,-79.9309,47.01,94,100,11.5
32,Chokurdakh,RU,2022-12-20 19:27:39,70.6333,147.9167,-8.27,100,67,2.24
33,Am Timan,TD,2022-12-20 19:27:39,11.0297,20.2827,80.55,19,29,2.98
34,Vao,NC,2022-12-20 19:27:40,-22.6667,167.4833,73.98,88,100,19.71
35,Yellowknife,CA,2022-12-20 19:27:40,62.456,-114.3525,-32.28,75,20,5.75
36,Guangyuan,CN,2022-12-20 19:27:41,32.442,105.823,38.98,44,0,1.12
37,Tuktoyaktuk,CA,2022-12-20 19:27:41,69.4541,-133.0374,-13.0,77,75,9.22
38,Longyearbyen,SJ,2022-12-20 19:27:42,78.2186,15.6401,10.24,79,75,9.22
39,Las Palmas,ES,2022-12-20 19:27:42,28.4204,-14.0131,65.19,60,0,6.91
40,Hobart,AU,2022-12-20 19:27:06,-42.8794,147.3294,55.26,81,100,8.05
41,Mount Gambier,AU,2022-12-20 19:28:43,-37.8333,140.7667,62.29,41,90,7.85
42,Ribeira Grande,PT,2022-12-20 19:28:43,38.5167,-28.7,64.8,94,75,21.85
43,Fukue,JP,2022-12-20 19:25:28,32.6881,128.8419,54.68,68,100,15.41
44,Gazojak,TM,2022-12-20 19:28:44,41.1875,61.4036,36.73,37,100,9.33
45,Victoria,HK,2022-12-20 19:27:15,22.2855,114.1577,64.26,66,100,5.99
46,Avarua,CK,2022-12-20 19:28:45,-21.2078,-159.775,75.25,94,75,5.75
47,Biltine,TD,2022-12-20 19:26:07,14.5333,20.9167,75.9,23,34,7.02
48,Bluff,NZ,2022-12-20 19:28:45,-46.6,168.3333,51.04,72,100,11.72
49,Moron,AR,2022-12-20 19:28:46,-34.6534,-58.6198,89.94,49,17,10.38
50,Alindao,CF,2022-12-20 19:28:46,5.0267,21.2088,80.1,38,56,4.03
51,Clyde River,CA,2022-12-20 19:28:46,70.4692,-68.5914,-10.97,77,0,3.44
52,Narrabri,AU,2022-12-20 19:28:47,-30.3167,149.7833,55.53,76,0,1.99
53,Hasaki,JP,2022-12-20 19:28:48,35.7333,140.8333,37.22,51,80,2.01
54,Butaritari,KI,2022-12-20 19:28:48,3.0707,172.7902,81.32,79,100,16.87
55,Qaanaaq,GL,2022-12-20 19:28:48,77.484,-69.3632,-17.09,70,8,5.86
56,Jamestown,US,2022-12-20 19:28:49,42.097,-79.2353,32.18,43,100,3.44
57,Aswan,EG,2022-12-20 19:28:50,24.0934,32.907,74.5,28,0,5.75
58,Estacion Coahuila,MX,2022-12-20 19:28:50,32.1939,-115.0017,62.51,15,100,10.11
59,Torbay,CA,2022-12-20 19:28:51,47.6666,-52.7314,35.58,89,100,25.32
60,Kupang,ID,2022-12-20 19:28:51,-10.1667,123.5833,80.22,74,100,7.96
61,Bredasdorp,ZA,2022-12-20 19:28:52,-34.5322,20.0403,63.37,60,80,10.11
62,Steinbach,DE,2022-12-20 19:28:52,50.1667,8.5667,41.76,92,20,3.44
63,Morondava,MG,2022-12-20 19:28:53,-20.2833,44.2833,81.72,79,100,8.57
64,Leningradskiy,RU,2022-12-20 19:28:53,69.3833,178.4167,0.48,85,41,6.51
65,Perelyub,RU,2022-12-20 19:28:53,51.8667,50.3667,20.5,96,100,7.45
66,New Norfolk,AU,2022-12-20 19:28:54,-42.7826,147.0587,54.9,98,30,2.1
67,Port Hedland,AU,2022-12-20 19:28:55,-20.3167,118.5667,75.25,73,100,10.36
68,Muros,ES,2022-12-20 19:28:55,42.7762,-9.0603,59.85,83,70,15.95
69,Tasiilaq,GL,2022-12-20 19:28:56,65.6145,-37.6368,14.16,58,9,4.14
70,Auki,SB,2022-12-20 19:28:56,-8.7676,160.7034,77.32,89,78,4.83
71,Castro,BR,2022-12-20 19:28:57,-24.7911,-50.0119,67.5,85,50,8.59
72,Oga,IT,2022-12-20 19:28:57,46.4631,10.347,29.03,87,99,4.05
73,Neftcala,AZ,2022-12-20 19:28:57,39.3742,49.2472,44.31,62,100,15.82
74,Kavieng,PG,2022-12-20 19:28:58,-2.5744,150.7967,80.67,79,100,7.02
75,Ilulissat,GL,2022-12-20 19:28:58,69.2167,-51.1,21.22,38,20,5.75
76,Vaini,TO,2022-12-20 19:28:59,-21.2,-175.2,82.56,83,20,10.36
77,Gao,ML,2022-12-20 19:28:59,16.6362,1.637,70.27,18,87,11.16
78,Atuona,PF,2022-12-20 19:26:54,-9.8,-139.0333,77.97,82,22,21.34
79,Vardo,NO,2022-12-20 19:29:00,70.3705,31.1107,28.38,80,40,10.36
80,Port Macquarie,AU,2022-12-20 19:26:01,-31.4333,152.9167,56.89,77,89,7.52
81,Punta Arenas,CL,2022-12-20 19:29:01,-53.15,-70.9167,68.11,28,40,18.41
82,Puerto Escondido,MX,2022-12-20 19:29:01,15.85,-97.0667,86.83,66,0,5.75
83,Sao Filipe,CV,2022-12-20 19:29:02,14.8961,-24.4956,77.85,63,0,13.6
84,Fort Morgan,US,2022-12-20 19:29:02,40.2503,-103.8,30.85,59,0,6.91
85,Narsaq,GL,2022-12-20 19:29:03,60.9167,-46.05,12.42,63,0,8.08
86,Ponta Delgada,PT,2022-12-20 19:30:03,37.7333,-25.6667,66.51,94,75,14.97
87,Ahipara,NZ,2022-12-20 19:30:04,-35.1667,173.1667,67.32,74,3,6.29
88,Norman Wells,CA,2022-12-20 19:30:05,65.282,-126.8329,-43.56,66,20,0.0
89,Akdepe,TM,2022-12-20 19:30:05,42.0551,59.3788,35.69,97,100,13.31
90,Xichang,CN,2022-12-20 19:30:06,27.8964,102.2634,37.8,90,97,2.37
91,Burgos,ES,2022-12-20 19:30:06,42.3394,-3.7079,46.81,93,100,3.44
92,Khatanga,RU,2022-12-20 19:30:07,71.9667,102.5,-37.91,100,100,3.71
93,Hithadhoo,MV,2022-12-20 19:30:08,-0.6,73.0833,80.85,70,100,11.65
94,Qasigiannguit,GL,2022-12-20 19:30:08,68.8193,-51.1922,21.45,73,31,5.01
95,Safford,US,2022-12-20 19:26:32,32.834,-109.7076,56.32,30,0,9.22
96,Constitucion,CL,2022-12-20 19:30:09,-35.3333,-72.4167,67.1,65,20,7.45
97,Hermanus,ZA,2022-12-20 19:30:10,-34.4187,19.2345,63.81,68,6,15.37
98,Faanui,PF,2022-12-20 19:30:10,-16.4833,-151.75,80.4,75,16,17.2
99,Cidreira,BR,2022-12-20 19:30:11,-30.1811,-50.2056,71.4,83,76,15.28
100,Tuatapere,NZ,2022-12-20 19:30:12,-46.1333,167.6833,50.27,76,100,3.18
101,Bengkulu,ID,2022-12-20 19:30:12,-3.8004,102.2655,76.62,90,98,5.46
102,Maniitsoq,GL,2022-12-20 19:30:13,65.4167,-52.9,19.15,60,10,6.31
103,Upernavik,GL,2022-12-20 19:30:14,72.7868,-56.1549,9.32,98,100,14.74
104,Laguna,US,2022-12-20 19:30:14,38.421,-121.4238,50.18,81,75,3.44
105,Allapalli,IN,2022-12-20 19:30:15,19.4167,80.0667,60.3,44,12,1.9
106,Margate,GB,2022-12-20 19:27:56,51.3813,1.3862,45.7,88,100,1.01
107,Varfurile,RO,2022-12-20 19:30:15,46.3167,22.5167,34.43,43,63,3.38
108,Kitimat,CA,2022-12-20 19:30:16,54.0524,-128.6534,3.9,56,2,1.01
109,Lahij,YE,2022-12-20 19:30:16,13.1667,44.5833,71.28,71,2,5.73
110,Atambua,ID,2022-12-20 19:30:17,-9.1061,124.8925,72.93,88,100,2.95
111,Itarema,BR,2022-12-20 19:30:17,-2.9248,-39.9167,82.18,68,89,14.99
112,Port Elizabeth,ZA,2022-12-20 19:30:18,-33.918,25.5701,63.32,75,0,4.0
113,Calabozo,VE,2022-12-20 19:30:18,8.9242,-67.4293,86.49,47,96,8.08
114,Sao Joao Da Barra,BR,2022-12-20 19:30:19,-21.6403,-41.0511,75.29,95,100,5.68
115,Port Alfred,ZA,2022-12-20 19:30:19,-33.5906,26.891,62.19,87,33,5.01
116,Namibe,AO,2022-12-20 19:30:20,-15.1961,12.1522,68.29,79,100,8.46
117,Broken Hill,AU,2022-12-20 19:30:21,-31.95,141.4333,72.12,38,99,12.73
118,Patterson,US,2022-12-20 19:30:22,37.4716,-121.1297,46.67,83,9,7.09
119,Bayir,TR,2022-12-20 19:30:22,37.2687,28.2167,48.72,68,0,4.83
120,Salalah,OM,2022-12-20 19:30:23,17.0151,54.0924,78.89,22,0,12.66
121,Tiksi,RU,2022-12-20 19:30:23,71.6872,128.8694,-16.64,98,99,4.38
122,Karpogory,RU,2022-12-20 19:30:24,64.0019,44.4451,-10.12,100,100,3.13
123,Iisalmi,FI,2022-12-20 19:30:24,63.5592,27.1907,23.0,95,100,10.11
124,Rawson,AR,2022-12-20 19:30:25,-43.3002,-65.1023,72.27,64,83,16.26
125,Chiredzi,ZW,2022-12-20 19:30:26,-21.05,31.6667,74.28,79,100,6.96
126,Hobyo,SO,2022-12-20 19:30:26,5.3505,48.5268,78.96,79,26,19.75
127,Waingapu,ID,2022-12-20 19:30:27,-9.6567,120.2641,76.78,77,100,6.33
128,Dunmore East,IE,2022-12-20 19:30:27,52.1514,-6.9861,48.69,73,40,12.66
129,Grand Gaube,MU,2022-12-20 19:30:28,-20.0064,57.6608,76.37,68,45,4.0
130,Bud,US,2022-12-20 19:30:28,39.447,-86.1758,45.48,47,6,3.18
131,Davila,PH,2022-12-20 19:30:29,18.4726,120.5763,76.26,85,100,16.02
132,Saldanha,ZA,2022-12-20 19:30:29,-33.0117,17.9442,63.19,79,93,25.28
133,Belyy Yar,RU,2022-12-20 19:31:30,53.6039,91.3903,16.86,82,50,2.24
134,Belaya Gora,RU,2022-12-20 19:31:30,68.5333,146.4167,-15.07,100,94,0.78
135,Isangel,VU,2022-12-20 19:31:31,-19.55,169.2667,81.48,73,3,5.66
136,Cherskiy,RU,2022-12-20 19:31:31,68.75,161.3,20.86,69,100,7.09
137,Kaitangata,NZ,2022-12-20 19:31:32,-46.2817,169.8464,51.8,75,100,7.9
138,Nouadhibou,MR,2022-12-20 19:31:33,20.931,-17.0347,75.18,46,0,8.05
139,Troitskoye,RU,2022-12-20 19:31:33,52.9821,84.6757,13.46,85,23,6.64
140,Vila Franca Do Campo,PT,2022-12-20 19:31:33,37.7167,-25.4333,66.2,92,99,16.31
141,Bambous Virieux,MU,2022-12-20 19:31:34,-20.3428,57.7575,76.21,73,40,6.91
142,Komsomolskiy,UZ,2022-12-20 19:31:35,40.4272,71.7189,23.72,93,100,0.0
143,Mitsamiouli,KM,2022-12-20 19:31:35,-11.3847,43.2844,80.91,80,7,9.78
144,Ambilobe,MG,2022-12-20 19:31:36,-13.2,49.05,76.33,85,92,0.81
145,Lavrentiya,RU,2022-12-20 19:31:36,65.5833,-171.0,12.94,75,1,8.63
146,Vila Velha,BR,2022-12-20 19:27:37,-20.3297,-40.2925,78.75,95,75,8.05
147,Rantepao,ID,2022-12-20 19:31:37,-2.9701,119.8978,63.97,94,100,3.58
148,Vaasa,FI,2022-12-20 19:31:37,63.096,21.6158,33.82,100,100,9.22
149,Lorengau,PG,2022-12-20 19:31:38,-2.0226,147.2712,80.35,79,100,4.92
150,Labuan,MY,2022-12-20 19:31:38,5.2767,115.2417,77.36,94,75,0.0
151,Padang,ID,2022-12-20 19:31:39,-0.9492,100.3543,76.91,87,98,4.16
152,Nizhniy Kuranakh,RU,2022-12-20 19:31:39,58.8353,125.4869,-41.66,100,80,1.86
153,Opunake,NZ,2022-12-20 19:31:40,-39.4556,173.8583,67.84,83,25,16.28
154,Te Anau,NZ,2022-12-20 19:31:40,-45.4167,167.7167,50.72,76,68,1.25
155,Yueyang,CN,2022-12-20 19:31:41,29.3333,113.0919,40.8,49,1,5.03
156,Taraza,CO,2022-12-20 19:31:41,7.5836,-75.4007,85.71,67,80,3.74
157,Panama City,PA,2022-12-20 19:30:50,8.9936,-79.5197,90.28,58,40,14.97
158,Vrangel,RU,2022-12-20 19:31:42,42.7297,133.0839,20.8,82,100,4.47
159,Renqiu,CN,2022-12-20 19:31:43,38.6989,116.0936,22.86,33,0,6.29
160,Mana,GF,2022-12-20 19:31:43,5.6592,-53.7767,80.4,75,62,10.04
161,Rio Grande,BR,2022-12-20 19:31:44,-32.035,-52.0986,80.71,72,13,17.29
162,Tuntum,BR,2022-12-20 19:31:45,-5.2581,-44.6489,85.44,64,91,1.74
163,Leh,IN,2022-12-20 19:31:45,34.1667,77.5833,10.65,52,0,1.01
164,Saint George,US,2022-12-20 19:31:02,37.1041,-113.5841,49.62,43,0,3.44
165,Mossendjo,CG,2022-12-20 19:31:46,-2.9506,12.7261,69.21,99,84,2.57
166,Bathsheba,BB,2022-12-20 19:31:47,13.2167,-59.5167,84.81,86,20,17.27
167,Lalibela,ET,2022-12-20 19:31:47,12.0333,39.0333,57.47,52,18,5.17
168,Dombarovskiy,RU,2022-12-20 19:31:48,50.7587,59.5386,-1.28,98,11,6.15
169,Camacha,PT,2022-12-20 19:31:48,33.0833,-16.3333,63.82,82,20,4.61
170,Natal,BR,2022-12-20 19:31:49,-5.795,-35.2094,86.65,69,20,17.27
171,Gainesville,US,2022-12-20 19:31:50,29.6516,-82.3248,65.95,67,20,3.44
172,Flinders,AU,2022-12-20 19:31:50,-34.5833,150.8552,58.17,87,50,4.0
173,Atar,MR,2022-12-20 19:31:51,20.5169,-13.0499,70.0,19,0,11.21
174,Tazovskiy,RU,2022-12-20 19:31:51,67.4667,78.7,-30.39,99,52,7.0
175,Thompson,CA,2022-12-20 19:28:41,55.7435,-97.8558,-5.64,71,75,11.5
176,Pochutla,MX,2022-12-20 19:31:52,15.7432,-96.4661,89.82,49,4,8.72
177,Barrow,US,2022-12-20 19:31:53,71.2906,-156.7887,-2.18,78,0,10.36
178,Kununurra,AU,2022-12-20 19:31:53,-15.7667,128.7333,75.18,94,100,5.75
179,Kaeo,NZ,2022-12-20 19:31:54,-35.1,173.7833,64.33,96,33,4.32
180,Roma,US,2022-12-20 19:28:03,43.2128,-75.4557,30.81,82,100,8.05
181,Babstovo,RU,2022-12-20 19:32:54,48.1167,132.4833,-7.76,92,94,2.08
182,Alvinopolis,BR,2022-12-20 19:32:55,-20.1067,-43.0489,68.49,94,100,3.65
183,Talnakh,RU,2022-12-20 19:32:56,69.4865,88.3972,-25.8,98,100,2.8
184,Velsk,RU,2022-12-20 19:32:56,61.0701,42.0983,0.63,100,100,1.59
185,Wynyard,AU,2022-12-20 19:32:57,-41.0,145.7167,55.98,80,67,12.41
186,San Patricio,US,2022-12-20 19:32:57,28.017,-97.5169,58.87,74,100,16.35
187,Tezu,IN,2022-12-20 19:32:58,27.9167,96.1667,59.07,47,29,4.12
188,Georgetown,MY,2022-12-20 19:31:12,5.4112,100.3354,80.53,89,20,6.91
189,Hamilton,US,2022-12-20 19:32:58,39.1834,-84.5333,45.72,48,0,3.44
190,Batagay,RU,2022-12-20 19:32:59,67.6333,134.6333,-28.8,95,93,0.72
191,Hovd,MN,2022-12-20 19:32:59,48.0056,91.6419,6.69,75,21,2.44
192,Port Shepstone,ZA,2022-12-20 19:33:00,-30.7414,30.455,69.1,81,100,18.34
193,Anloga,GH,2022-12-20 19:33:00,5.7947,0.8973,81.25,78,52,9.15
194,Severo-Kurilsk,RU,2022-12-20 19:33:01,50.6789,156.125,30.29,92,100,22.88
195,Qaqortoq,GL,2022-12-20 19:33:01,60.7167,-46.0333,7.74,63,0,7.72
196,Dagua,CO,2022-12-20 19:33:01,3.6569,-76.6886,86.5,85,100,4.72
197,Mountain Home,US,2022-12-20 19:33:02,43.133,-115.6912,30.15,69,75,7.0
198,Rizhao,CN,2022-12-20 19:33:02,35.4275,119.4553,32.22,67,0,6.78
199,Cape Town,ZA,2022-12-20 19:28:17,-33.9258,18.4232,68.11,73,20,23.02
200,Hualmay,PE,2022-12-20 19:33:03,-11.0964,-77.6139,75.47,73,60,10.33
201,Cayenne,GF,2022-12-20 19:33:04,4.9333,-52.3333,84.24,65,75,14.97
202,Pangnirtung,CA,2022-12-20 19:33:04,66.1451,-65.7125,8.6,92,100,8.05
203,Moroto,UG,2022-12-20 19:33:05,2.5345,34.6666,72.73,29,41,7.83
204,Quang Ngai,VN,2022-12-20 19:33:05,15.1167,108.8,69.13,93,100,6.4
205,Muskegon,US,2022-12-20 19:33:06,43.3,-86.1334,33.82,78,100,8.05
206,Gladstone,AU,2022-12-20 19:30:02,-23.85,151.25,66.78,72,2,4.61
207,Ntoum,GA,2022-12-20 19:33:07,0.3833,9.7833,76.71,91,98,2.89
208,Axim,GH,2022-12-20 19:33:07,4.8699,-2.2405,80.11,80,76,8.63
209,Brockville,CA,2022-12-20 19:33:08,44.5834,-75.6826,25.72,83,87,1.01
210,Luderitz,NA,2022-12-20 19:33:08,-26.6481,15.1594,68.76,64,0,21.54
211,Koutsouras,GR,2022-12-20 19:33:09,35.0339,25.9469,55.11,54,25,19.24
212,Carnduff,CA,2022-12-20 19:33:09,49.1667,-101.8009,-13.47,93,8,11.05
213,Nsanje,MW,2022-12-20 19:33:10,-16.92,35.262,73.49,93,100,1.72
214,Henties Bay,NA,2022-12-20 19:33:10,-22.116,14.2845,61.03,91,0,3.51
215,Shimoda,JP,2022-12-20 19:33:11,34.6667,138.95,45.14,71,5,5.93
216,Saint-Augustin,CA,2022-12-20 19:33:12,51.226,-58.6502,30.52,76,12,13.91
217,Ketchikan,US,2022-12-20 19:33:12,55.3422,-131.6461,15.78,44,0,6.91
218,San Antonio,US,2022-12-20 19:30:52,29.4241,-98.4936,54.48,80,100,12.66
219,Paris,FR,2022-12-20 19:33:13,48.8534,2.3488,53.53,94,100,9.22
220,College,US,2022-12-20 19:33:13,64.8569,-147.8028,-36.45,66,75,0.0
221,Aykhal,RU,2022-12-20 19:33:14,66.0,111.5,-22.54,100,96,4.72
222,Nome,US,2022-12-20 19:33:14,64.5011,-165.4064,0.16,78,0,0.0
223,El Dorado,US,2022-12-20 19:30:32,38.7666,-120.5177,50.63,68,80,3.13
224,Uchiza,PE,2022-12-20 19:33:15,-8.4592,-76.4633,82.54,72,89,1.43
225,Nanortalik,GL,2022-12-20 19:33:16,60.1432,-45.2371,19.18,61,1,5.57
226,Ostersund,SE,2022-12-20 19:33:16,63.1792,14.6357,25.25,100,20,1.14
227,Awbari,LY,2022-12-20 19:34:17,26.5921,12.7805,60.89,50,100,11.95
228,Yumen,CN,2022-12-20 19:34:17,40.2833,97.2,20.52,54,0,19.8
229,Labuhan,ID,2022-12-20 19:34:18,-6.8844,112.2051,78.03,84,100,6.33
230,Tucuma,BR,2022-12-20 19:34:19,-0.1833,-50.05,82.58,72,100,9.48
231,Bure,ET,2022-12-20 19:34:19,10.7,37.0667,62.74,52,93,2.66
232,Poum,NC,2022-12-20 19:34:20,-20.2333,164.0167,77.77,80,58,12.59
233,Paamiut,GL,2022-12-20 19:34:20,61.994,-49.6678,12.94,58,0,8.46
234,Camanducaia,BR,2022-12-20 19:34:21,-22.7553,-46.1447,67.15,95,94,2.95
235,Amalapuram,IN,2022-12-20 19:34:22,16.5833,82.0167,69.3,77,100,4.25
236,Ola,RU,2022-12-20 19:34:22,59.5833,151.2833,28.31,88,100,19.98
237,Biak,ID,2022-12-20 19:34:23,-0.9131,122.8766,76.91,80,100,1.68
238,Kushva,RU,2022-12-20 19:34:23,58.2906,59.7592,3.13,88,45,9.93
239,Ahuimanu,US,2022-12-20 19:34:24,21.4447,-157.8378,76.6,67,40,14.97
240,Alta Floresta,BR,2022-12-20 19:34:24,-9.8756,-56.0861,76.8,92,96,4.43
241,High Prairie,CA,2022-12-20 19:34:25,55.4334,-116.4858,-17.39,94,99,3.15
242,Olafsvik,IS,2022-12-20 19:34:25,64.8945,-23.7142,30.78,69,97,42.88
243,Byron Bay,AU,2022-12-20 19:34:25,-28.65,153.6167,61.72,81,90,9.75
244,Khorramshahr,IR,2022-12-20 19:34:26,30.4397,48.1664,58.96,63,63,0.0
245,Waw,SS,2022-12-20 19:34:26,7.7029,27.9953,80.69,29,70,4.7
246,Mar Del Plata,AR,2022-12-20 19:34:27,-38.0023,-57.5575,80.83,81,20,24.16
247,Zuwarah,LY,2022-12-20 19:34:28,32.9312,12.082,62.94,66,81,7.4
248,Kungurtug,RU,2022-12-20 19:34:28,50.5994,97.5228,3.33,99,100,1.43
249,Billings,US,2022-12-20 19:32:46,45.7833,-108.5007,-0.71,73,100,9.22
250,Mykolayivka,UA,2022-12-20 19:34:29,47.5414,30.7561,33.12,76,100,12.71
251,Douala,CM,2022-12-20 19:34:29,4.0483,9.7043,79.5,78,100,4.43
252,Airai,TL,2022-12-20 19:34:30,-8.9266,125.4092,58.21,95,100,1.45
253,Lashio,MM,2022-12-20 19:34:30,22.9333,97.75,52.66,95,52,1.61
254,Munger,IN,2022-12-20 19:34:31,25.3833,86.4667,58.55,51,5,4.38
255,Narasannapeta,IN,2022-12-20 19:34:31,18.4167,84.05,64.98,76,6,5.55
256,La Ciotat,FR,2022-12-20 19:34:32,43.1748,5.6045,60.69,88,100,15.75
257,Codajas,BR,2022-12-20 19:34:32,-3.8367,-62.0569,86.5,63,96,1.99
258,Moctezuma,MX,2022-12-20 19:34:33,29.8,-109.6667,67.44,20,89,2.84
259,Vostok,RU,2022-12-20 19:34:33,46.4856,135.8833,-16.44,93,51,5.01
260,Kodiak,US,2022-12-20 19:34:34,57.79,-152.4072,26.11,74,100,11.5
261,Yanino,RU,2022-12-20 19:34:34,59.9355,30.6153,14.58,85,99,7.38
262,Ilheus,BR,2022-12-20 19:34:35,-14.7889,-39.0494,84.02,74,0,6.91
263,Berdigestyakh,RU,2022-12-20 19:34:35,62.0989,126.6992,-39.62,100,99,2.37
264,Shurob,TJ,2022-12-20 19:34:36,40.0491,70.5489,32.72,61,4,1.95
265,Bonthe,SL,2022-12-20 19:34:37,7.5264,-12.505,80.55,76,100,5.82
266,Pisco,PE,2022-12-20 19:34:37,-13.7,-76.2167,72.01,83,94,10.36
267,Shumskiy,RU,2022-12-20 19:34:38,54.8318,99.1328,7.16,88,100,4.56
268,Porbandar,IN,2022-12-20 19:34:38,21.6422,69.6093,74.08,43,12,6.98
269,Touros,BR,2022-12-20 19:34:38,-5.1989,-35.4608,80.78,71,0,14.23
270,Middelburg,ZA,2022-12-20 19:34:39,-25.7751,29.4648,63.54,75,3,3.58
271,Hami,CN,2022-12-20 19:34:39,42.8,93.45,23.76,47,0,5.79
272,Ustikolina,BA,2022-12-20 19:34:40,43.5836,18.79,31.57,62,15,3.24
273,Vila Do Maio,CV,2022-12-20 19:34:40,15.1333,-23.2167,77.79,79,0,18.41
274,Cairns,AU,2022-12-20 19:34:41,-16.9167,145.7667,76.95,87,40,11.5
275,Coihaique,CL,2022-12-20 19:33:10,-45.5752,-72.0662,67.95,42,75,8.05
276,Opuwo,NA,2022-12-20 19:35:42,-18.0607,13.84,72.81,30,1,8.41
277,Yopal,CO,2022-12-20 19:31:37,5.3378,-72.3959,88.95,39,100,7.07
278,Sibolga,ID,2022-12-20 19:35:42,1.7427,98.7792,77.47,80,100,1.34
279,Mangrol,IN,2022-12-20 19:35:43,21.1167,70.1167,72.95,36,1,11.3
280,Iqaluit,CA,2022-12-20 19:35:43,63.7506,-68.5145,2.7,84,40,18.41
281,Mackenzie,CA,2022-12-20 19:35:44,55.2999,-123.1698,-16.38,63,0,11.5
282,Cabo San Lucas,MX,2022-12-20 19:35:10,22.8909,-109.9124,81.61,62,0,4.61
283,Eldorado,BR,2022-12-20 19:33:06,-23.7869,-54.2836,84.4,49,20,8.12
284,San Cristobal,VE,2022-12-20 19:35:45,7.7669,-72.225,78.98,36,21,5.5
285,Itaueira,BR,2022-12-20 19:35:46,-7.6033,-43.0256,90.52,35,72,5.88
286,Antalaha,MG,2022-12-20 19:35:46,-14.9003,50.2788,74.26,86,31,3.91
287,Svetlaya,RU,2022-12-20 19:35:47,46.5389,138.3297,5.04,68,80,6.82
288,Fortuna,US,2022-12-20 19:32:05,40.5982,-124.1573,48.92,96,100,17.27
289,Nikolskoye,RU,2022-12-20 19:35:47,59.7035,30.7861,14.81,94,99,7.25
290,Kahului,US,2022-12-20 19:35:48,20.8947,-156.47,79.84,66,40,24.16
291,Sidi Bin Nur,TN,2022-12-20 19:35:48,35.5333,10.9167,57.94,78,0,7.56
292,Anadyr,RU,2022-12-20 19:35:49,64.75,177.4833,28.9,74,0,33.55
293,Soyo,AO,2022-12-20 19:35:49,-6.1349,12.3689,78.15,79,88,9.4
294,Lotoshino,RU,2022-12-20 19:35:50,56.2267,35.6414,5.25,99,87,4.32
295,Susangerd,IR,2022-12-20 19:35:50,31.5608,48.1831,64.11,35,57,4.97
296,Alice,US,2022-12-20 19:35:51,27.7523,-98.0697,56.77,79,100,13.8
297,Tessalit,ML,2022-12-20 19:35:52,20.1986,1.0114,69.17,20,0,11.32
298,Brokopondo,SR,2022-12-20 19:35:52,4.75,-55.1667,79.7,84,100,8.28
299,Fairmont,US,2022-12-20 19:31:11,39.4851,-80.1426,41.92,54,100,3.74
300,Souillac,MU,2022-12-20 19:35:53,-20.5167,57.5167,75.58,73,40,6.91
301,Vestmanna,FO,2022-12-20 19:35:53,62.1564,-7.1664,41.92,81,75,8.05
302,Ilhabela,BR,2022-12-20 19:31:29,-23.7781,-45.3581,70.75,94,100,10.07
303,La Orilla,MX,2022-12-20 19:35:54,17.9833,-102.2333,82.36,52,0,8.97
304,Agirish,RU,2022-12-20 19:35:54,61.9247,63.0231,0.84,93,100,10.89
305,Campo Grande,BR,2022-12-20 19:35:55,-20.4428,-54.6464,85.55,54,75,12.66
306,La Huaca,PE,2022-12-20 19:35:55,-4.9117,-80.96,84.92,42,100,15.64
307,Umm Kaddadah,SD,2022-12-20 19:35:56,13.6017,26.6876,69.55,32,72,13.15
308,San Angelo,US,2022-12-20 19:35:56,31.4638,-100.437,44.82,77,100,8.05
309,Domoni,KM,2022-12-20 19:35:57,-12.2569,44.5319,78.89,86,10,6.31
310,Guerande,FR,2022-12-20 19:35:57,47.3291,-2.4283,49.42,86,88,6.71
311,Makinsk,KZ,2022-12-20 19:35:58,52.6292,70.4169,17.55,96,100,1.54
312,Omboue,GA,2022-12-20 19:35:58,-1.5746,9.2618,78.8,85,99,4.54
313,Torrijos,ES,2022-12-20 19:35:59,39.9819,-4.2835,54.84,97,88,4.16
314,Carnarvon,AU,2022-12-20 19:35:59,-24.8667,113.6333,74.52,68,42,8.75
315,Bow Island,CA,2022-12-20 19:36:00,49.8668,-111.3684,-17.52,63,100,2.3
316,Gedo,ET,2022-12-20 19:36:00,9.0167,37.45,58.03,54,91,0.36
317,Arman,RU,2022-12-20 19:36:01,59.7,150.1667,14.81,82,98,15.66
318,Zhaozhou,CN,2022-12-20 19:36:01,45.6833,125.3167,6.48,93,100,10.11
319,Boa Esperanca Do Sul,BR,2022-12-20 19:36:02,-21.9925,-48.3908,79.57,66,82,3.65
320,Carson City,US,2022-12-20 19:34:41,39.1638,-119.7674,47.52,65,100,0.0
321,Huarmey,PE,2022-12-20 19:37:03,-10.0681,-78.1522,75.76,73,78,11.12
322,Rio Muerto,MX,2022-12-20 19:37:03,27.4167,-110.2333,73.92,19,100,7.05
323,Solwezi,ZM,2022-12-20 19:37:04,-12.1688,26.3894,61.45,95,94,4.14
324,Port Hardy,CA,2022-12-20 19:37:04,50.6996,-127.4199,26.78,68,40,5.75
325,Kuah,MY,2022-12-20 19:37:05,6.3265,99.8432,80.58,78,20,4.61
326,Provideniya,RU,2022-12-20 19:37:05,64.3833,-173.3,18.52,76,7,13.27
327,Greenville,US,2022-12-20 19:36:37,35.6127,-77.3663,42.82,56,0,3.44
328,Beaufort,MY,2022-12-20 19:36:36,5.3473,115.7455,74.75,95,100,2.13
329,Saint-Philippe,RE,2022-12-20 19:37:06,-21.3585,55.7679,76.59,84,76,13.65
330,Taoudenni,ML,2022-12-20 19:37:07,22.6783,-3.9836,69.37,22,0,10.65
331,Bairiki,KI,2022-12-20 19:37:07,1.3292,172.9752,82.4,78,20,9.22
332,Yulara,AU,2022-12-20 19:35:17,-25.2406,130.9889,78.67,27,95,18.57
333,Roald,NO,2022-12-20 19:37:08,62.5833,6.1333,42.94,65,20,6.91
334,Kalengwa,ZM,2022-12-20 19:34:18,-13.4659,25.0027,63.64,97,100,1.52
335,Teguise,ES,2022-12-20 19:37:09,29.0605,-13.564,64.62,56,0,3.44
336,Tautira,PF,2022-12-20 19:37:09,-17.7333,-149.15,79.34,82,95,15.37
337,Luanda,AO,2022-12-20 19:37:09,-8.8368,13.2343,76.46,77,99,9.24
338,Comodoro Rivadavia,AR,2022-12-20 19:37:10,-45.8667,-67.5,80.46,28,20,13.8
339,Ancud,CL,2022-12-20 19:37:11,-41.8697,-73.8203,61.81,79,100,21.63
340,Mangochi,MW,2022-12-20 19:37:11,-14.4782,35.2645,71.67,92,100,5.68
341,Sobolevo,RU,2022-12-20 19:37:12,54.4299,31.8996,27.45,97,100,5.82
342,Arraial Do Cabo,BR,2022-12-20 19:37:12,-22.9661,-42.0278,73.36,94,75,8.05
343,Grindavik,IS,2022-12-20 19:37:13,63.8424,-22.4338,31.95,69,75,39.12
344,Mayo,US,2022-12-20 19:37:13,38.8876,-76.5119,42.91,51,0,8.05
345,Jasper,US,2022-12-20 19:37:14,37.2001,-94.3502,35.46,81,100,6.91
346,Marsa Matruh,EG,2022-12-20 19:37:14,31.3525,27.2453,62.8,67,40,10.36
347,Chazuta,PE,2022-12-20 19:37:15,-6.5742,-76.1367,95.85,44,100,6.24
348,Zhangye,CN,2022-12-20 19:37:16,38.9342,100.4517,17.49,61,3,4.83
349,Acapulco,MX,2022-12-20 19:34:17,16.8634,-99.8901,85.82,62,20,5.75
350,San Quintin,MX,2022-12-20 19:37:17,30.4833,-115.95,64.11,48,100,13.02
351,Tura,IN,2022-12-20 19:37:17,25.5198,90.2201,58.77,78,9,3.04
352,Mount Isa,AU,2022-12-20 19:36:35,-20.7333,139.5,73.17,100,97,0.0
353,Mansehra,PK,2022-12-20 19:37:18,34.3333,73.2,45.46,32,0,5.23
354,Raga,SS,2022-12-20 19:37:19,8.4596,25.678,77.95,27,73,4.52
355,Terney,RU,2022-12-20 19:37:19,45.0503,136.6092,7.3,67,72,10.45
356,Khandyga,RU,2022-12-20 19:37:20,62.6667,135.6,-26.18,93,100,1.23
357,Basco,PH,2022-12-20 19:37:20,20.4487,121.9702,75.87,78,100,19.98
358,Pitlochry,GB,2022-12-20 19:37:21,56.7051,-3.7343,40.26,77,97,12.28
359,Ulaanbaatar,MN,2022-12-20 19:37:21,47.9077,106.8832,-18.27,69,40,2.24
360,Sayyan,YE,2022-12-20 19:37:22,15.1718,44.3244,48.65,51,64,3.83
361,Avera,US,2022-12-20 19:37:22,33.194,-82.5271,41.56,83,100,10.38
362,Rochegda,RU,2022-12-20 19:37:23,62.8,43.25,-11.45,100,69,2.71
363,Stornoway,GB,2022-12-20 19:37:23,58.2093,-6.3865,46.36,84,40,25.32
364,Nisia Floresta,BR,2022-12-20 19:37:24,-6.0911,-35.2086,86.81,64,0,12.44
365,Ballina,AU,2022-12-20 19:37:24,-28.8667,153.5667,61.79,95,82,9.19
366,Paka,MY,2022-12-20 19:37:25,4.6374,103.4368,76.98,94,100,0.0
367,Dingle,PH,2022-12-20 19:37:25,10.9995,122.6711,73.47,97,100,6.24
368,Gamba,GA,2022-12-20 19:37:26,-2.65,10.0,77.2,87,98,5.1
369,Rocha,UY,2022-12-20 19:38:26,-34.4833,-54.3333,76.87,42,1,18.5
370,Aripuana,BR,2022-12-20 19:38:27,-9.1667,-60.6333,81.73,77,100,1.25
371,Adamas,GR,2022-12-20 19:38:27,36.7333,24.4333,54.19,63,100,30.94
372,Muncar,ID,2022-12-20 19:38:28,-8.4333,114.3333,75.85,87,100,2.89
373,Tabou,CI,2022-12-20 19:38:28,4.423,-7.3528,79.52,81,73,7.36
374,Broome,US,2022-12-20 19:38:29,42.2506,-75.833,30.88,75,100,8.05
375,Urusha,RU,2022-12-20 19:38:29,54.05,122.9,-31.49,97,14,2.91
376,Kudahuvadhoo,MV,2022-12-20 19:38:30,2.6708,72.8944,80.8,71,100,4.7
377,Mindelo,CV,2022-12-20 19:38:30,16.8901,-24.9804,76.55,65,20,31.07
378,Geraldton,AU,2022-12-20 19:38:31,-28.7667,114.6,64.81,82,8,6.91
379,Plettenberg Bay,ZA,2022-12-20 19:38:31,-34.0527,23.3716,61.9,67,100,2.62
380,Codrington,AU,2022-12-20 19:38:32,-38.2667,141.9667,57.25,66,91,9.66
381,Port Lincoln,AU,2022-12-20 19:38:32,-34.7333,135.8667,62.87,85,100,7.18
382,Hervey Bay,AU,2022-12-20 19:38:33,-25.2986,152.8535,70.29,68,96,14.61
383,Sotuta,MX,2022-12-20 19:38:33,20.6,-89.0167,92.37,30,85,1.52
384,Barbate,ES,2022-12-20 19:38:34,36.1924,-5.9219,63.63,83,92,10.31
385,Dunedin,NZ,2022-12-20 19:35:32,-45.8742,170.5036,51.8,91,100,7.0
386,Umea,SE,2022-12-20 19:38:34,63.8284,20.2597,31.93,100,100,3.44
387,Aksarka,RU,2022-12-20 19:38:35,66.5606,67.7975,-14.08,92,100,18.01
388,Emporia,US,2022-12-20 19:38:35,38.4039,-96.1817,23.52,74,100,8.05
389,Preili,LV,2022-12-20 19:38:36,56.2944,26.7246,33.21,100,100,7.99
390,Poltavka,RU,2022-12-20 19:38:37,54.3663,71.7632,14.13,90,100,5.39
391,Lapua,FI,2022-12-20 19:38:37,62.9693,23.0088,33.12,99,100,6.89
392,Malindi,KE,2022-12-20 19:38:37,-3.2175,40.1191,79.14,81,11,13.33
393,Popondetta,PG,2022-12-20 19:38:38,-8.7537,148.2534,73.33,94,98,2.89
394,Kruisfontein,ZA,2022-12-20 19:38:38,-34.0033,24.7314,60.89,75,99,6.33
395,Karratha,AU,2022-12-20 19:38:39,-20.7377,116.8463,74.64,70,100,9.66
396,Trelew,AR,2022-12-20 19:38:39,-43.249,-65.3051,74.88,58,95,31.18
397,Saintes,FR,2022-12-20 19:38:40,45.6667,-0.75,55.18,85,100,12.26
398,Juneau,US,2022-12-20 19:38:36,58.3019,-134.4197,10.4,37,75,6.91
399,Barcelos,PT,2022-12-20 19:38:41,41.5388,-8.6151,60.94,95,26,4.83
400,North Branch,US,2022-12-20 19:38:41,45.5113,-92.9802,4.12,78,67,11.81
401,Bonfim,BR,2022-12-20 19:38:41,3.0833,-59.95,88.09,50,79,1.99
402,Chilca,PE,2022-12-20 19:34:50,-12.5211,-76.7372,73.24,77,45,6.91
403,Sitka,US,2022-12-20 19:36:38,57.0531,-135.33,21.09,42,75,6.91
404,Lompoc,US,2022-12-20 19:38:42,34.6391,-120.4579,63.84,66,20,8.05
405,Trairi,BR,2022-12-20 19:38:00,-3.2778,-39.2689,82.18,66,8,11.65
406,Staropyshminsk,RU,2022-12-20 19:38:43,56.9387,60.903,10.36,90,51,10.92
407,Nordhorn,DE,2022-12-20 19:38:43,52.4333,7.0833,50.95,98,100,11.07
408,Platteville,US,2022-12-20 19:37:21,42.7342,-90.4785,20.25,57,0,9.22
409,Altay,CN,2022-12-20 19:38:44,47.8667,88.1167,14.14,69,44,6.29
410,Collie,AU,2022-12-20 19:38:45,-33.3667,116.15,58.06,76,7,8.21
411,Ban Nahin,LA,2022-12-20 19:38:45,18.2418,104.2122,58.5,90,34,4.79
412,Bongandanga,CD,2022-12-20 19:38:46,1.5,21.05,72.48,93,100,4.34
413,Xam Nua,LA,2022-12-20 19:38:46,20.4197,104.0439,50.09,99,70,2.39
414,Bedele,ET,2022-12-20 19:38:47,8.456,36.353,57.0,74,29,4.0
415,Praia Da Vitoria,PT,2022-12-20 19:38:47,38.7333,-27.0667,64.65,94,75,16.67
416,Robertsport,LR,2022-12-20 19:38:48,6.7533,-11.3686,81.54,80,100,10.67
417,Taicheng,CN,2022-12-20 19:39:49,38.731,113.228,12.56,51,0,4.85
418,Manturovo,RU,2022-12-20 19:39:49,58.3353,44.7619,-3.73,100,100,2.17
419,Kavaratti,IN,2022-12-20 19:39:49,10.5669,72.642,80.69,74,100,4.45
420,Saint Anthony,US,2022-12-20 19:39:50,45.0205,-93.218,5.67,68,0,13.8
421,Columbia,US,2022-12-20 19:39:50,34.0007,-81.0348,44.56,56,100,8.05
422,Turukhansk,RU,2022-12-20 19:39:51,65.8167,87.9833,-27.4,97,53,5.03
423,Mecca,SA,2022-12-20 19:36:46,21.4267,39.8261,75.33,62,63,0.96
424,Omsukchan,RU,2022-12-20 19:39:51,62.5333,155.8,12.2,94,99,7.14
425,Washington,US,2022-12-20 19:37:46,47.5001,-120.5015,13.59,84,100,5.59
426,Maragogi,BR,2022-12-20 19:39:52,-9.0122,-35.2225,79.79,74,1,12.17
427,Bentiu,SS,2022-12-20 19:39:53,9.2333,29.8333,80.38,28,25,3.98
428,Ucluelet,CA,2022-12-20 19:39:53,48.9329,-125.5528,33.1,92,99,5.64
429,Faya,SA,2022-12-20 19:39:54,18.3851,42.4509,53.71,73,7,1.34
430,Sinnamary,GF,2022-12-20 19:39:54,5.3833,-52.95,80.42,74,43,10.83
431,Fuzhou,CN,2022-12-20 19:39:55,26.0614,119.3061,57.09,86,96,4.59
432,Bilibino,RU,2022-12-20 19:39:55,68.0546,166.4372,12.38,68,23,6.82
433,San Lawrenz,MT,2022-12-20 19:39:56,36.0553,14.204,55.85,80,1,2.15
434,Badin,PK,2022-12-20 19:39:56,24.656,68.8384,66.07,23,0,5.99
435,Cururupu,BR,2022-12-20 19:35:37,-1.8283,-44.8683,83.66,62,46,6.46
436,Srbobran,RS,2022-12-20 19:39:57,45.5539,19.8028,31.42,63,96,6.69
437,Itaituba,BR,2022-12-20 19:39:57,-4.2761,-55.9836,91.56,58,20,4.61
438,Lar,IN,2022-12-20 19:39:58,26.2039,83.9717,57.78,56,5,4.81
439,Xuddur,SO,2022-12-20 19:39:58,4.1213,43.8894,78.04,41,13,10.67
440,Hofn,IS,2022-12-20 19:39:59,64.2539,-15.2082,33.94,75,100,43.02
441,Richards Bay,ZA,2022-12-20 19:39:59,-28.783,32.0377,68.29,90,100,12.1
442,Katsuura,JP,2022-12-20 19:37:26,35.1333,140.3,49.1,62,94,4.27
443,Saint-Francois,FR,2022-12-20 19:40:00,46.4154,3.9054,56.68,67,0,9.22
444,Lagoa,PT,2022-12-20 19:40:00,39.05,-27.9833,62.87,92,62,28.07
445,Shwebo,MM,2022-12-20 19:40:01,22.5667,95.7,66.58,69,56,4.94
446,Noumea,NC,2022-12-20 19:40:01,-22.2763,166.4572,75.99,99,100,13.6
447,Eidsvag,NO,2022-12-20 19:40:02,62.7767,8.0668,38.05,80,87,8.25
448,Dauphin,CA,2022-12-20 19:40:02,51.1494,-100.0502,-11.06,70,0,9.22
449,Westport,US,2022-12-20 19:40:03,41.1415,-73.3579,40.95,53,0,12.66
450,Isiro,CD,2022-12-20 19:40:04,2.7739,27.616,69.46,87,91,3.31
451,Bintulu,MY,2022-12-20 19:40:04,3.1667,113.0333,77.41,94,40,1.14
452,Bilma,NE,2022-12-20 19:40:05,18.6853,12.9164,67.03,36,77,9.93
453,Pierre,US,2022-12-20 19:35:48,44.3683,-100.351,1.85,66,0,10.36
454,Saint-Joseph,RE,2022-12-20 19:40:05,-21.3667,55.6167,75.58,84,64,8.66
455,San Vicente,AR,2022-12-20 19:40:06,-26.6167,-54.1333,78.39,50,89,1.66
456,Moyale,KE,2022-12-20 19:40:07,3.5167,39.0584,69.84,36,40,8.59
457,Manavgat,TR,2022-12-20 19:40:07,36.7867,31.4431,51.64,54,4,10.47
458,Ratnagiri,IN,2022-12-20 19:40:08,16.9833,73.3,74.1,48,27,4.65
459,Peace River,CA,2022-12-20 19:40:08,56.2501,-117.286,-28.89,68,0,0.0
460,Russell,US,2022-12-20 19:39:14,32.3502,-85.1999,47.19,93,75,4.61
461,Honiara,SB,2022-12-20 19:40:09,-9.4333,159.95,78.44,87,30,5.53
462,La Ronge,CA,2022-12-20 19:40:10,55.1001,-105.2842,-14.58,63,20,4.61
463,Socorro,US,2022-12-20 19:41:10,31.6546,-106.3033,56.39,33,75,4.61
464,Makat,KZ,2022-12-20 19:41:11,47.6469,53.3463,25.72,74,86,12.68
465,Guerrero Negro,MX,2022-12-20 19:41:12,27.9769,-114.0611,68.49,32,100,4.5
466,Port Blair,IN,2022-12-20 19:41:12,11.6667,92.75,80.64,78,40,5.75
467,Jacksonville,US,2022-12-20 19:36:16,30.3322,-81.6556,68.09,89,100,10.36
468,Nchelenge,ZM,2022-12-20 19:41:13,-9.3451,28.734,71.47,82,100,7.54
469,Ternate,ID,2022-12-20 19:41:13,0.8,127.4,80.46,79,100,3.44
470,Evanston,US,2022-12-20 19:41:14,42.0411,-87.6901,34.11,76,100,6.91
471,Paarl,ZA,2022-12-20 19:41:14,-33.7338,18.9752,67.01,65,12,8.88
472,Zelenoborskiy,RU,2022-12-20 19:41:15,66.845,32.3622,15.06,96,100,5.14
473,Northam,GB,2022-12-20 19:41:15,51.0333,-4.2167,45.39,93,93,10.74
474,Tomatlan,MX,2022-12-20 19:41:16,19.9333,-105.25,87.13,38,10,7.14
475,Orneta,PL,2022-12-20 19:41:17,54.1148,20.1333,36.48,98,100,12.73
476,Hambantota,LK,2022-12-20 19:40:13,6.1241,81.1185,76.26,81,99,11.01
477,Zyryanka,RU,2022-12-20 19:41:17,65.75,150.85,-0.35,97,100,8.52
478,Chichi,NG,2022-12-20 19:41:18,7.2721,8.9332,82.11,16,29,5.59
479,Sur,OM,2022-12-20 19:41:19,22.5667,59.5289,74.62,54,49,5.88
480,Pangkalanbuun,ID,2022-12-20 19:41:19,-2.6833,111.6167,74.17,95,66,1.88
481,Leku,ET,2022-12-20 19:41:20,6.8667,38.45,64.09,51,84,5.23
482,Tiarei,PF,2022-12-20 19:41:20,-17.5333,-149.3333,86.02,82,67,15.64
483,Nhamunda,BR,2022-12-20 19:41:21,-2.1861,-56.7131,90.52,47,97,2.21
484,Dinguiraye,GN,2022-12-20 19:41:21,11.3,-10.7167,77.32,15,98,1.32
485,Santa Rosalia,MX,2022-12-20 19:41:22,27.3167,-112.2833,65.68,35,100,9.71
486,Husavik,IS,2022-12-20 19:41:22,66.0449,-17.3389,28.54,87,100,33.8
487,Nola,IT,2022-12-20 19:41:23,40.922,14.5329,53.46,87,38,0.81
488,Waipawa,NZ,2022-12-20 19:41:23,-41.4122,175.5153,53.74,90,100,10.07
489,Puerto El Triunfo,SV,2022-12-20 19:41:24,13.2833,-88.55,94.06,50,0,8.39
490,Pimenta Bueno,BR,2022-12-20 19:41:24,-11.6725,-61.1936,78.33,91,89,3.44
491,Ukiah,US,2022-12-20 19:40:11,39.1502,-123.2078,55.36,70,65,1.03
492,Baherden,TM,2022-12-20 19:41:25,38.4362,57.4316,42.66,70,100,13.38
493,Avesta,SE,2022-12-20 19:41:26,60.1455,16.1679,37.13,99,100,4.99
494,Roebourne,AU,2022-12-20 19:41:26,-20.7833,117.1333,74.46,71,100,9.95
495,Chekhov,RU,2022-12-20 19:41:26,55.1431,37.4711,12.15,98,68,3.2
496,Bahir Dar,ET,2022-12-20 19:41:27,11.5936,37.3908,65.55,57,73,3.13
497,Tutoia,BR,2022-12-20 19:41:28,-2.7619,-42.2744,81.16,72,100,12.66
498,North Platte,US,2022-12-20 19:41:28,41.1239,-100.7654,12.09,62,40,8.05
499,Wabana,CA,2022-12-20 19:41:29,47.6332,-52.9481,35.38,90,100,25.32
500,Bafq,IR,2022-12-20 19:41:29,31.6128,55.4107,47.68,43,0,3.18
501,Lidzbark Warminski,PL,2022-12-20 19:38:10,54.1259,20.5795,36.36,99,100,12.71
502,Lewiston,US,2022-12-20 19:41:30,44.1003,-70.2148,36.79,68,20,14.97
503,Maceio,BR,2022-12-20 19:41:30,-9.6658,-35.7353,85.44,65,20,14.97
504,Yilan,TW,2022-12-20 19:41:31,24.757,121.753,60.66,82,30,6.08
505,Hukuntsi,BW,2022-12-20 19:41:31,-24.0,21.75,85.06,22,0,10.89
506,Kibondo,TZ,2022-12-20 19:41:32,-3.5864,30.7203,61.77,92,100,2.33
507,Piney Green,US,2022-12-20 19:41:32,34.716,-77.3202,44.55,59,100,8.05
508,Tacuati,PY,2022-12-20 19:41:33,-23.45,-56.5833,96.82,23,1,1.52
509,Awjilah,LY,2022-12-20 19:41:33,29.1081,21.2869,60.15,58,4,12.06
